name,calls,self_cpu_time_total,cpu_time_total,self_cuda_time_total,cuda_time_total
DataParallel.forward,1,37228.0,1873021.0,0.0,112332.0
Memcpy DtoD (Device -> Device),47,0.0,0.0,70.0,70.0
Memcpy DtoH (Device -> Pageable),36,0.0,0.0,3.0,3.0
Memcpy HtoD (Pageable -> Device),16,0.0,0.0,2603.0,2603.0
Memset (Device),15,0.0,0.0,13.0,13.0
MultiScaleDeformableAttnFunction_fp32,12,781.0,1010.0,860.0,902.0
ampere_sgemm_32x32_sliced1x4_tn,1,0.0,0.0,7.0,7.0
aten::__and__,4,247.0,582.0,0.0,4.0
aten::__iand__,1,2.0,16.0,0.0,0.0
aten::_batch_norm_impl_index,53,240.0,2953.0,0.0,15881.0
aten::_cat,30,274.0,498.0,162.0,162.0
aten::_convolution,55,449.0,1740967.0,0.0,57375.0
aten::_cumsum,1,190.0,205.0,2.0,2.0
aten::_index_put_impl_,18,66.0,169.0,57.0,57.0
aten::_local_scalar_dense,17,32.0,1252.0,1.0,1.0
aten::_softmax,18,272.0,395.0,962.0,962.0
aten::_unsafe_view,148,194.0,220.0,0.0,0.0
aten::add,96,453.0,673.0,396.0,396.0
aten::add_,194,1418.0,1849.0,13484.0,13484.0
aten::addmm,2,2853.0,3095.0,10.0,10.0
aten::alias,8,5.0,5.0,0.0,0.0
aten::all,2,25.0,45.0,4.0,4.0
aten::arange,4,200.0,258.0,1.0,2.0
aten::as_strided,1322,381.0,700.0,0.0,0.0
aten::as_strided_,1,3.0,3.0,0.0,0.0
aten::atan2,1,272.0,286.0,2.0,2.0
aten::batch_norm,53,545.0,3498.0,0.0,15892.0
aten::bitwise_and,9,312.0,561.0,4.0,8.0
aten::bitwise_and_,1,3.0,14.0,0.0,0.0
aten::bmm,13,1423.0,1681.0,1748.0,1748.0
aten::cat,30,364.0,862.0,0.0,162.0
aten::chunk,12,30.0,137.0,0.0,0.0
aten::clamp,114,553.0,1470.0,23.0,105.0
aten::clamp_min,159,1145.0,1898.0,12644.0,12690.0
aten::clamp_min_,72,253.0,1378.0,0.0,10301.0
aten::clone,6,17.0,87.0,0.0,5.0
aten::contiguous,11,24.0,265.0,0.0,42.0
aten::conv2d,55,151.0,1741278.0,0.0,57375.0
aten::convolution,55,160.0,1741127.0,0.0,57375.0
aten::copy_,165,895.0,47481.0,2904.0,2904.0
aten::cudnn_batch_norm,53,1463.0,2722.0,15892.0,15892.0
aten::cudnn_convolution,55,99751.0,1740477.0,57357.0,57357.0
aten::cumsum,1,121.0,495.0,0.0,2.0
aten::detach,6,8.0,13.0,0.0,0.0
aten::detach_,12,13.0,17.0,0.0,0.0
aten::div,51,531.0,719.0,205.0,205.0
aten::div_,2,10.0,16.0,4.0,4.0
aten::dropout,42,20.0,20.0,0.0,0.0
aten::embedding,2,444.0,1710.0,0.0,3.0
aten::empty,785,1613.0,2497.0,0.0,0.0
aten::empty_like,97,214.0,1109.0,0.0,0.0
aten::empty_strided,40,164.0,265.0,0.0,0.0
aten::eq,24,409.0,758.0,11.0,22.0
aten::exp,3,263.0,273.0,6.0,6.0
aten::expand,28,31.0,50.0,0.0,0.0
aten::expand_as,9,14.0,20.0,0.0,0.0
aten::fill_,31,105.0,184.0,79.0,79.0
aten::flatten,3,4.0,10.0,0.0,0.0
aten::floor_divide,1,162.0,168.0,1.0,1.0
aten::ge,2,263.0,484.0,1.0,2.0
aten::gt,12,1083.0,2328.0,9.0,18.0
aten::index,58,1007.0,1509.0,192.0,203.0
aten::index_put_,18,54.0,194.0,0.0,41.0
aten::index_select,2,1203.0,1266.0,3.0,3.0
aten::is_nonzero,12,18.0,1275.0,0.0,1.0
aten::item,17,406.0,1644.0,0.0,1.0
aten::layer_norm,40,166.0,982.0,0.0,895.0
aten::le,2,229.0,384.0,2.0,4.0
aten::linear,147,1015.0,10642.0,0.0,3487.0
aten::linspace,10,136.0,197.0,4.0,8.0
aten::log,18,75.0,113.0,18.0,18.0
aten::lt,4,357.0,516.0,3.0,6.0
aten::matmul,146,605.0,6210.0,0.0,3001.0
aten::max_pool2d,1,56.0,538.0,0.0,1135.0
aten::max_pool2d_with_indices,1,475.0,482.0,1135.0,1135.0
aten::maximum,1,434.0,439.0,2.0,2.0
aten::mean,3,234.0,254.0,26.0,26.0
aten::meshgrid,1,3.0,11.0,0.0,0.0
aten::mm,145,3327.0,3997.0,2808.0,2808.0
aten::mul,36,409.0,507.0,43.0,43.0
aten::nan_to_num,2,173.0,214.0,0.0,2.0
aten::narrow,41,55.0,106.0,0.0,0.0
aten::native_layer_norm,40,375.0,816.0,895.0,895.0
aten::new_zeros,7,13.0,96.0,0.0,18.0
aten::nonzero,21,674.0,1267.0,84.0,84.0
aten::ones_like,2,7.0,30.0,0.0,2.0
aten::permute,67,250.0,278.0,0.0,0.0
aten::prod,1,409.0,417.0,2.0,2.0
aten::record_stream,1,581.0,581.0,0.0,0.0
aten::relu,24,153.0,400.0,0.0,46.0
aten::relu_,72,449.0,1827.0,0.0,12566.0
aten::remainder,1,218.0,227.0,1.0,1.0
aten::repeat,8,583.0,1179.0,0.0,67.0
aten::reshape,101,300.0,366.0,0.0,2.0
aten::resize_,273,399.0,399.0,0.0,0.0
aten::rsub,18,105.0,239.0,0.0,11.0
aten::select,325,486.0,549.0,0.0,0.0
aten::set_,21,107.0,107.0,0.0,0.0
aten::sigmoid,20,626.0,675.0,32.0,32.0
aten::slice,366,628.0,751.0,0.0,0.0
aten::softmax,18,182.0,560.0,0.0,956.0
aten::split,13,22.0,136.0,0.0,0.0
aten::squeeze,20,34.0,37.0,0.0,0.0
aten::squeeze_,1,13.0,16.0,0.0,0.0
aten::stack,22,69.0,495.0,0.0,100.0
aten::sub,19,103.0,144.0,13.0,13.0
aten::sum,42,506.0,943.0,198.0,254.0
aten::t,168,625.0,859.0,0.0,0.0
aten::to,129,308.0,46982.0,0.0,2659.0
aten::topk,1,791.0,811.0,42.0,42.0
aten::transpose,198,235.0,380.0,0.0,0.0
aten::unbind,6,37.0,94.0,0.0,0.0
aten::unfold,31,44.0,59.0,0.0,0.0
aten::unsqueeze,163,504.0,546.0,0.0,0.0
aten::view,654,430.0,514.0,0.0,0.0
aten::zero_,30,146.0,313.0,0.0,76.0
aten::zeros,21,504.0,823.0,0.0,61.0
aten::zeros_like,9,16.0,125.0,0.0,16.0
cudaDeviceGetAttribute,108,2.0,2.0,0.0,0.0
cudaDeviceGetStreamPriorityRange,1,0.0,0.0,0.0,0.0
cudaDeviceSynchronize,1,70.0,70.0,0.0,0.0
cudaEventCreateWithFlags,50,22.0,22.0,0.0,0.0
cudaEventDestroy,1,1.0,1.0,0.0,0.0
cudaEventQuery,6,6.0,6.0,0.0,0.0
cudaEventRecord,131,289.0,289.0,0.0,0.0
cudaFree,7,1.0,1.0,0.0,0.0
cudaFuncGetAttributes,2633,2215.0,2215.0,0.0,0.0
cudaFuncSetAttribute,3014,126.0,126.0,0.0,0.0
cudaGetDeviceCount,2,0.0,0.0,0.0,0.0
cudaGetDeviceProperties,1,940.0,940.0,0.0,0.0
cudaHostAlloc,1,684.0,684.0,0.0,0.0
cudaHostGetDevicePointer,1,2.0,2.0,0.0,0.0
cudaLaunchKernel,1471,4057.0,4057.0,0.0,0.0
cudaMalloc,23,1459.0,1459.0,0.0,0.0
cudaMemcpy,2,6738.0,6738.0,0.0,0.0
cudaMemcpyAsync,97,4342.0,4342.0,0.0,0.0
cudaMemsetAsync,15,1628716.0,1628716.0,0.0,0.0
cudaOccupancyMaxActiveBlocksPerMultiprocessorWithFlags,532,24.0,24.0,0.0,0.0
cudaPeekAtLastError,130,0.0,0.0,0.0,0.0
cudaStreamCreateWithFlags,8,16.0,16.0,0.0,0.0
cudaStreamCreateWithPriority,68,870.0,870.0,0.0,0.0
cudaStreamIsCapturing,11,6.0,6.0,0.0,0.0
cudaStreamSynchronize,49,43462.0,43462.0,0.0,0.0
cudaStreamWaitEvent,25,11.0,11.0,0.0,0.0
detach,6,5.0,8.0,0.0,0.0
detach_,12,4.0,9.0,0.0,0.0
"void (anonymous namespace)::elementwise_kernel_with_index<int, at::native::arange_cuda_out(c10::Scalar const&, c10::Scalar const&, c10::Scalar const&, at::Tensor&)::{lambda()#1}::operator()() const::{lambda()#12}::operator()() const::{lambda(long)#1}>(int, at::native::arange_cuda_out(c10::Scalar const&, c10::Scalar const&, c10::Scalar const&, at::Tensor&)::{lambda()#1}::operator()() const::{lambda()#12}::operator()() const::{lambda(long)#1}, function_traits<at::native::arange_cuda_out(c10::Scalar const&, c10::Scalar const&, c10::Scalar const&, at::Tensor&)::{lambda()#1}::operator()() const::{lambda()#12}::operator()() const::{lambda(long)#1}>::result_type*)",2,0.0,0.0,1.0,1.0
"void (anonymous namespace)::elementwise_kernel_with_index<int, at::native::linspace_cuda_out(c10::Scalar const&, c10::Scalar const&, c10::optional<long>, at::Tensor&)::{lambda()#3}::operator()() const::{lambda()#4}::operator()() const::{lambda(long)#1}>(int, at::native::linspace_cuda_out(c10::Scalar const&, c10::Scalar const&, c10::optional<long>, at::Tensor&)::{lambda()#3}::operator()() const::{lambda()#4}::operator()() const::{lambda(long)#1}, function_traits<at::native::linspace_cuda_out(c10::Scalar const&, c10::Scalar const&, c10::optional<long>, at::Tensor&)::{lambda()#3}::operator()() const::{lambda()#4}::operator()() const::{lambda(long)#1}>::result_type*)",5,0.0,0.0,4.0,4.0
"void (anonymous namespace)::softmax_warp_forward<float, float, float, 10, false>(float*, float const*, int, int, int)",6,0.0,0.0,933.0,933.0
"void (anonymous namespace)::softmax_warp_forward<float, float, float, 2, false>(float*, float const*, int, int, int)",9,0.0,0.0,18.0,18.0
"void (anonymous namespace)::softmax_warp_forward<float, float, float, 3, false>(float*, float const*, int, int, int)",3,0.0,0.0,11.0,11.0
"void at::cuda::detail::cub::DeviceCompactInitKernel<at::cuda::detail::cub::ScanTileState<int, true>, int*>(at::cuda::detail::cub::ScanTileState<int, true>, int, int*)",21,0.0,0.0,15.0,15.0
"void at::cuda::detail::cub::DeviceReduceSingleTileKernel<at::cuda::detail::cub::DeviceReducePolicy<bool, int, int, at::cuda::detail::cub::Sum>::Policy600, at::cuda::detail::cub::TransformInputIterator<bool, at::native::(anonymous namespace)::NonZeroOp<bool>, bool*, long>, int*, int, at::cuda::detail::cub::Sum, int>(at::cuda::detail::cub::TransformInputIterator<bool, at::native::(anonymous namespace)::NonZeroOp<bool>, bool*, long>, int*, int, at::cuda::detail::cub::Sum, int)",3,0.0,0.0,4.0,4.0
"void at::cuda::detail::cub::DeviceReduceSingleTileKernel<at::cuda::detail::cub::DeviceReducePolicy<bool, int, int, at::cuda::detail::cub::Sum>::Policy600, at::cuda::detail::cub::TransformInputIterator<bool, at::native::(anonymous namespace)::NonZeroOp<long>, long*, long>, int*, int, at::cuda::detail::cub::Sum, int>(at::cuda::detail::cub::TransformInputIterator<bool, at::native::(anonymous namespace)::NonZeroOp<long>, long*, long>, int*, int, at::cuda::detail::cub::Sum, int)",18,0.0,0.0,30.0,30.0
"void at::cuda::detail::cub::DeviceScanInitKernel<at::cuda::detail::cub::ScanTileState<long, true> >(at::cuda::detail::cub::ScanTileState<long, true>, int)",1,0.0,0.0,1.0,1.0
"void at::cuda::detail::cub::DeviceScanKernel<at::cuda::detail::cub::AgentScanPolicy<128, 15, long, (at::cuda::detail::cub::BlockLoadAlgorithm)2, (at::cuda::detail::cub::CacheLoadModifier)0, (at::cuda::detail::cub::BlockStoreAlgorithm)2, (at::cuda::detail::cub::BlockScanAlgorithm)2, at::cuda::detail::cub::MemBoundScaling<128, 15, long> >, long*, long*, at::cuda::detail::cub::ScanTileState<long, true>, std::plus<long>, at::cuda::detail::cub::NullType, int>(long*, long*, at::cuda::detail::cub::ScanTileState<long, true>, int, std::plus<long>, at::cuda::detail::cub::NullType, int)",1,0.0,0.0,1.0,1.0
"void at::cuda::detail::cub::DeviceSelectSweepKernel<at::cuda::detail::cub::DispatchSelectIf<at::cuda::detail::cub::CountingInputIterator<long, long>, at::cuda::detail::cub::TransformInputIterator<bool, at::native::(anonymous namespace)::NonZeroOp<bool>, bool*, long>, long*, int*, at::cuda::detail::cub::NullType, at::cuda::detail::cub::NullType, int, false>::PtxSelectIfPolicyT, at::cuda::detail::cub::CountingInputIterator<long, long>, at::cuda::detail::cub::TransformInputIterator<bool, at::native::(anonymous namespace)::NonZeroOp<bool>, bool*, long>, long*, int*, at::cuda::detail::cub::ScanTileState<int, true>, at::cuda::detail::cub::NullType, at::cuda::detail::cub::NullType, int, false>(at::cuda::detail::cub::CountingInputIterator<long, long>, at::cuda::detail::cub::TransformInputIterator<bool, at::native::(anonymous namespace)::NonZeroOp<bool>, bool*, long>, long*, int*, at::cuda::detail::cub::ScanTileState<int, true>, at::cuda::detail::cub::NullType, at::cuda::detail::cub::NullType, int, int)",3,0.0,0.0,4.0,4.0
"void at::cuda::detail::cub::DeviceSelectSweepKernel<at::cuda::detail::cub::DispatchSelectIf<at::cuda::detail::cub::CountingInputIterator<long, long>, at::cuda::detail::cub::TransformInputIterator<bool, at::native::(anonymous namespace)::NonZeroOp<long>, long*, long>, long*, int*, at::cuda::detail::cub::NullType, at::cuda::detail::cub::NullType, int, false>::PtxSelectIfPolicyT, at::cuda::detail::cub::CountingInputIterator<long, long>, at::cuda::detail::cub::TransformInputIterator<bool, at::native::(anonymous namespace)::NonZeroOp<long>, long*, long>, long*, int*, at::cuda::detail::cub::ScanTileState<int, true>, at::cuda::detail::cub::NullType, at::cuda::detail::cub::NullType, int, false>(at::cuda::detail::cub::CountingInputIterator<long, long>, at::cuda::detail::cub::TransformInputIterator<bool, at::native::(anonymous namespace)::NonZeroOp<long>, long*, long>, long*, int*, at::cuda::detail::cub::ScanTileState<int, true>, at::cuda::detail::cub::NullType, at::cuda::detail::cub::NullType, int, int)",18,0.0,0.0,31.0,31.0
"void at::native::(anonymous namespace)::CatArrayBatchedCopy<float, unsigned int, 2, 64, 64>(float*, at::native::(anonymous namespace)::CatArrInputTensorMetadata<float, unsigned int, 64, 64>, at::native::(anonymous namespace)::TensorSizeStride<unsigned int, 4u>, int, unsigned int)",1,0.0,0.0,2.0,2.0
"void at::native::(anonymous namespace)::CatArrayBatchedCopy<float, unsigned int, 3, 128, 1>(float*, at::native::(anonymous namespace)::CatArrInputTensorMetadata<float, unsigned int, 128, 1>, at::native::(anonymous namespace)::TensorSizeStride<unsigned int, 4u>, int, unsigned int)",5,0.0,0.0,42.0,42.0
"void at::native::(anonymous namespace)::CatArrayBatchedCopy<float, unsigned int, 4, 128, 1>(float*, at::native::(anonymous namespace)::CatArrInputTensorMetadata<float, unsigned int, 128, 1>, at::native::(anonymous namespace)::TensorSizeStride<unsigned int, 4u>, int, unsigned int)",9,0.0,0.0,82.0,82.0
"void at::native::(anonymous namespace)::CatArrayBatchedCopy<long, unsigned int, 1, 128, 1>(long*, at::native::(anonymous namespace)::CatArrInputTensorMetadata<long, unsigned int, 128, 1>, at::native::(anonymous namespace)::TensorSizeStride<unsigned int, 4u>, int, unsigned int)",1,0.0,0.0,2.0,2.0
"void at::native::(anonymous namespace)::CatArrayBatchedCopy<long, unsigned int, 2, 128, 1>(long*, at::native::(anonymous namespace)::CatArrInputTensorMetadata<long, unsigned int, 128, 1>, at::native::(anonymous namespace)::TensorSizeStride<unsigned int, 4u>, int, unsigned int)",12,0.0,0.0,16.0,16.0
"void at::native::(anonymous namespace)::LayerNormForwardCUDAKernel<float>(long, float const*, float const*, float const*, float const*, float const*, float*)",40,0.0,0.0,192.0,192.0
"void at::native::(anonymous namespace)::RowwiseMomentsCUDAKernel<float>(long, float, float const*, float*, float*)",40,0.0,0.0,703.0,703.0
"void at::native::(anonymous namespace)::gatherTopK<float, unsigned int, 1, true>(at::cuda::detail::TensorInfo<float, unsigned int>, unsigned int, unsigned int, unsigned int, unsigned int, at::cuda::detail::TensorInfo<float, unsigned int>, unsigned int, unsigned int, at::cuda::detail::TensorInfo<long, unsigned int>, unsigned int)",1,0.0,0.0,31.0,31.0
"void at::native::(anonymous namespace)::indexSelectLargeIndex<float, long, unsigned int, 2, 2, -2, true>(at::cuda::detail::TensorInfo<float, unsigned int>, at::cuda::detail::TensorInfo<float, unsigned int>, at::cuda::detail::TensorInfo<long, unsigned int>, int, int, unsigned int, unsigned int, long)",2,0.0,0.0,3.0,3.0
"void at::native::(anonymous namespace)::max_pool_forward_nchw<float, float>(int, float const*, int, int, int, int, int, int, int, int, int, int, int, int, int, int, float*, long*)",1,0.0,0.0,1135.0,1135.0
"void at::native::bitonicSortKVInPlace<float, long, -2, -1, GTComp<float, true>, unsigned int, 1024>(at::cuda::detail::TensorInfo<float, unsigned int>, unsigned int, unsigned int, unsigned int, at::cuda::detail::TensorInfo<long, unsigned int>, unsigned int, GTComp<float, true>)",1,0.0,0.0,11.0,11.0
"void at::native::index_elementwise_kernel<128, 4, at::native::gpu_index_kernel<at::native::index_kernel_impl<at::native::OpaqueType<4> >(at::TensorIterator&, c10::ArrayRef<long>, c10::ArrayRef<long>)::{lambda(char*, char*, long)#1}>(at::TensorIterator&, c10::ArrayRef<long>, c10::ArrayRef<long>, at::native::index_kernel_impl<at::native::OpaqueType<4> >(at::TensorIterator&, c10::ArrayRef<long>, c10::ArrayRef<long>)::{lambda(char*, char*, long)#1} const&)::{lambda(int)#1}>(int, at::native::gpu_index_kernel<at::native::index_kernel_impl<at::native::OpaqueType<4> >(at::TensorIterator&, c10::ArrayRef<long>, c10::ArrayRef<long>)::{lambda(char*, char*, long)#1}>(at::TensorIterator&, c10::ArrayRef<long>, c10::ArrayRef<long>, at::native::index_kernel_impl<at::native::OpaqueType<4> >(at::TensorIterator&, c10::ArrayRef<long>, c10::ArrayRef<long>)::{lambda(char*, char*, long)#1} const&)::{lambda(int)#1})",57,0.0,0.0,190.0,190.0
"void at::native::index_elementwise_kernel<128, 4, at::native::gpu_index_kernel<at::native::index_kernel_impl<at::native::OpaqueType<8> >(at::TensorIterator&, c10::ArrayRef<long>, c10::ArrayRef<long>)::{lambda(char*, char*, long)#1}>(at::TensorIterator&, c10::ArrayRef<long>, c10::ArrayRef<long>, at::native::index_kernel_impl<at::native::OpaqueType<8> >(at::TensorIterator&, c10::ArrayRef<long>, c10::ArrayRef<long>)::{lambda(char*, char*, long)#1} const&)::{lambda(int)#1}>(int, at::native::gpu_index_kernel<at::native::index_kernel_impl<at::native::OpaqueType<8> >(at::TensorIterator&, c10::ArrayRef<long>, c10::ArrayRef<long>)::{lambda(char*, char*, long)#1}>(at::TensorIterator&, c10::ArrayRef<long>, c10::ArrayRef<long>, at::native::index_kernel_impl<at::native::OpaqueType<8> >(at::TensorIterator&, c10::ArrayRef<long>, c10::ArrayRef<long>)::{lambda(char*, char*, long)#1} const&)::{lambda(int)#1})",1,0.0,0.0,2.0,2.0
"void at::native::index_elementwise_kernel<128, 4, at::native::gpu_index_kernel<at::native::index_put_kernel_impl<at::native::OpaqueType<4> >(at::TensorIterator&, c10::ArrayRef<long>, c10::ArrayRef<long>)::{lambda(char*, char*, long)#1}>(at::TensorIterator&, c10::ArrayRef<long>, c10::ArrayRef<long>, at::native::index_put_kernel_impl<at::native::OpaqueType<4> >(at::TensorIterator&, c10::ArrayRef<long>, c10::ArrayRef<long>)::{lambda(char*, char*, long)#1} const&)::{lambda(int)#1}>(int, at::native::gpu_index_kernel<at::native::index_put_kernel_impl<at::native::OpaqueType<4> >(at::TensorIterator&, c10::ArrayRef<long>, c10::ArrayRef<long>)::{lambda(char*, char*, long)#1}>(at::TensorIterator&, c10::ArrayRef<long>, c10::ArrayRef<long>, at::native::index_put_kernel_impl<at::native::OpaqueType<4> >(at::TensorIterator&, c10::ArrayRef<long>, c10::ArrayRef<long>)::{lambda(char*, char*, long)#1} const&)::{lambda(int)#1})",18,0.0,0.0,57.0,57.0
"void at::native::reduce_kernel<128, 4, at::native::ReduceOp<float, at::native::MeanOps<float, float>, unsigned int, float, 4> >(at::native::ReduceOp<float, at::native::MeanOps<float, float>, unsigned int, float, 4>)",3,0.0,0.0,26.0,26.0
"void at::native::reduce_kernel<128, 4, at::native::ReduceOp<float, at::native::func_wrapper_t<float, at::native::sum_functor<float, float, float>::operator()(at::TensorIterator&)::{lambda(float, float)#1}>, unsigned int, float, 4> >(at::native::ReduceOp<float, at::native::func_wrapper_t<float, at::native::sum_functor<float, float, float>::operator()(at::TensorIterator&)::{lambda(float, float)#1}>, unsigned int, float, 4>)",6,0.0,0.0,131.0,131.0
"void at::native::reduce_kernel<128, 4, at::native::ReduceOp<long, at::native::func_wrapper_t<long, at::native::sum_functor<long, long, long>::operator()(at::TensorIterator&)::{lambda(long, long)#1}>, unsigned int, long, 4> >(at::native::ReduceOp<long, at::native::func_wrapper_t<long, at::native::sum_functor<long, long, long>::operator()(at::TensorIterator&)::{lambda(long, long)#1}>, unsigned int, long, 4>)",6,0.0,0.0,15.0,15.0
"void at::native::reduce_kernel<512, 1, at::native::ReduceOp<bool, at::native::func_wrapper_t<bool, at::native::and_kernel_cuda(at::TensorIterator&)::{lambda()#1}::operator()() const::{lambda()#24}::operator()() const::{lambda(bool, bool)#1}>, unsigned int, bool, 4> >(at::native::ReduceOp<bool, at::native::func_wrapper_t<bool, at::native::and_kernel_cuda(at::TensorIterator&)::{lambda()#1}::operator()() const::{lambda()#24}::operator()() const::{lambda(bool, bool)#1}>, unsigned int, bool, 4>)",2,0.0,0.0,4.0,4.0
"void at::native::reduce_kernel<512, 1, at::native::ReduceOp<long, at::native::func_wrapper_t<long, at::native::prod_functor<long, long, long>::operator()(at::TensorIterator&)::{lambda(long, long)#1}>, unsigned int, long, 4> >(at::native::ReduceOp<long, at::native::func_wrapper_t<long, at::native::prod_functor<long, long, long>::operator()(at::TensorIterator&)::{lambda(long, long)#1}>, unsigned int, long, 4>)",1,0.0,0.0,2.0,2.0
"void at::native::reduce_kernel<512, 1, at::native::ReduceOp<long, at::native::func_wrapper_t<long, at::native::sum_functor<long, long, long>::operator()(at::TensorIterator&)::{lambda(long, long)#1}>, unsigned int, long, 4> >(at::native::ReduceOp<long, at::native::func_wrapper_t<long, at::native::sum_functor<long, long, long>::operator()(at::TensorIterator&)::{lambda(long, long)#1}>, unsigned int, long, 4>)",30,0.0,0.0,52.0,52.0
"void at::native::unrolled_elementwise_kernel<at::native::(anonymous namespace)::clamp_scalar_kernel_impl(at::TensorIterator&, c10::Scalar, c10::Scalar)::{lambda()#1}::operator()() const::{lambda()#8}::operator()() const::{lambda(float)#1}, at::detail::Array<char*, 2>, OffsetCalculator<1, unsigned int>, OffsetCalculator<1, unsigned int>, at::native::memory::LoadWithoutCast, at::native::memory::StoreWithoutCast>(int, at::native::(anonymous namespace)::clamp_scalar_kernel_impl(at::TensorIterator&, c10::Scalar, c10::Scalar)::{lambda()#1}::operator()() const::{lambda()#8}::operator()() const::{lambda(float)#1}, at::detail::Array<char*, 2>, OffsetCalculator<1, unsigned int>, OffsetCalculator<1, unsigned int>, at::native::memory::LoadWithoutCast, at::native::memory::StoreWithoutCast)",12,0.0,0.0,18.0,18.0
"void at::native::unrolled_elementwise_kernel<at::native::AddFunctor<float>, at::detail::Array<char*, 3>, OffsetCalculator<2, unsigned int>, OffsetCalculator<1, unsigned int>, at::native::memory::LoadWithoutCast, at::native::memory::StoreWithoutCast>(int, at::native::AddFunctor<float>, at::detail::Array<char*, 3>, OffsetCalculator<2, unsigned int>, OffsetCalculator<1, unsigned int>, at::native::memory::LoadWithoutCast, at::native::memory::StoreWithoutCast)",210,0.0,0.0,966.0,966.0
"void at::native::unrolled_elementwise_kernel<at::native::BUnaryFunctor<at::native::CompareGTFunctor<float> >, at::detail::Array<char*, 2>, OffsetCalculator<1, unsigned int>, OffsetCalculator<1, unsigned int>, at::native::memory::LoadWithoutCast, at::native::memory::StoreWithoutCast>(int, at::native::BUnaryFunctor<at::native::CompareGTFunctor<float> >, at::detail::Array<char*, 2>, OffsetCalculator<1, unsigned int>, OffsetCalculator<1, unsigned int>, at::native::memory::LoadWithoutCast, at::native::memory::StoreWithoutCast)",3,0.0,0.0,6.0,6.0
"void at::native::unrolled_elementwise_kernel<at::native::BUnaryFunctor<at::native::CompareLTFunctor<float> >, at::detail::Array<char*, 2>, OffsetCalculator<1, unsigned int>, OffsetCalculator<1, unsigned int>, at::native::memory::LoadWithoutCast, at::native::memory::StoreWithoutCast>(int, at::native::BUnaryFunctor<at::native::CompareLTFunctor<float> >, at::detail::Array<char*, 2>, OffsetCalculator<1, unsigned int>, OffsetCalculator<1, unsigned int>, at::native::memory::LoadWithoutCast, at::native::memory::StoreWithoutCast)",2,0.0,0.0,3.0,3.0
"void at::native::unrolled_elementwise_kernel<at::native::CompareGEFunctor<float>, at::detail::Array<char*, 3>, OffsetCalculator<2, unsigned int>, OffsetCalculator<1, unsigned int>, at::native::memory::LoadWithoutCast, at::native::memory::StoreWithoutCast>(int, at::native::CompareGEFunctor<float>, at::detail::Array<char*, 3>, OffsetCalculator<2, unsigned int>, OffsetCalculator<1, unsigned int>, at::native::memory::LoadWithoutCast, at::native::memory::StoreWithoutCast)",1,0.0,0.0,1.0,1.0
"void at::native::unrolled_elementwise_kernel<at::native::CompareLEFunctor<float>, at::detail::Array<char*, 3>, OffsetCalculator<2, unsigned int>, OffsetCalculator<1, unsigned int>, at::native::memory::LoadWithoutCast, at::native::memory::StoreWithoutCast>(int, at::native::CompareLEFunctor<float>, at::detail::Array<char*, 3>, OffsetCalculator<2, unsigned int>, OffsetCalculator<1, unsigned int>, at::native::memory::LoadWithoutCast, at::native::memory::StoreWithoutCast)",1,0.0,0.0,2.0,2.0
"void at::native::unrolled_elementwise_kernel<at::native::DivFunctor<float>, at::detail::Array<char*, 3>, OffsetCalculator<2, unsigned int>, OffsetCalculator<1, unsigned int>, at::native::memory::LoadWithCast<2>, at::native::memory::StoreWithCast>(int, at::native::DivFunctor<float>, at::detail::Array<char*, 3>, OffsetCalculator<2, unsigned int>, OffsetCalculator<1, unsigned int>, at::native::memory::LoadWithCast<2>, at::native::memory::StoreWithCast)",15,0.0,0.0,133.0,133.0
"void at::native::unrolled_elementwise_kernel<at::native::DivFunctor<float>, at::detail::Array<char*, 3>, OffsetCalculator<2, unsigned int>, OffsetCalculator<1, unsigned int>, at::native::memory::LoadWithoutCast, at::native::memory::StoreWithoutCast>(int, at::native::DivFunctor<float>, at::detail::Array<char*, 3>, OffsetCalculator<2, unsigned int>, OffsetCalculator<1, unsigned int>, at::native::memory::LoadWithoutCast, at::native::memory::StoreWithoutCast)",1,0.0,0.0,3.0,3.0
"void at::native::unrolled_elementwise_kernel<at::native::MulFunctor<long>, at::detail::Array<char*, 3>, TrivialOffsetCalculator<2, unsigned int>, TrivialOffsetCalculator<1, unsigned int>, at::native::memory::LoadWithoutCast, at::native::memory::StoreWithoutCast>(int, at::native::MulFunctor<long>, at::detail::Array<char*, 3>, TrivialOffsetCalculator<2, unsigned int>, TrivialOffsetCalculator<1, unsigned int>, at::native::memory::LoadWithoutCast, at::native::memory::StoreWithoutCast)",12,0.0,0.0,12.0,12.0
"void at::native::unrolled_elementwise_kernel<at::native::MulScalarFunctor<float, float>, at::detail::Array<char*, 2>, OffsetCalculator<1, unsigned int>, OffsetCalculator<1, unsigned int>, at::native::memory::LoadWithoutCast, at::native::memory::StoreWithoutCast>(int, at::native::MulScalarFunctor<float, float>, at::detail::Array<char*, 2>, OffsetCalculator<1, unsigned int>, OffsetCalculator<1, unsigned int>, at::native::memory::LoadWithoutCast, at::native::memory::StoreWithoutCast)",27,0.0,0.0,39.0,39.0
"void at::native::unrolled_elementwise_kernel<at::native::atan2_kernel_cuda(at::TensorIteratorBase&)::{lambda()#1}::operator()() const::{lambda()#4}::operator()() const::{lambda(float, float)#1}, at::detail::Array<char*, 3>, OffsetCalculator<2, unsigned int>, OffsetCalculator<1, unsigned int>, at::native::memory::LoadWithoutCast, at::native::memory::StoreWithoutCast>(int, at::native::atan2_kernel_cuda(at::TensorIteratorBase&)::{lambda()#1}::operator()() const::{lambda()#4}::operator()() const::{lambda(float, float)#1}, at::detail::Array<char*, 3>, OffsetCalculator<2, unsigned int>, OffsetCalculator<1, unsigned int>, at::native::memory::LoadWithoutCast, at::native::memory::StoreWithoutCast)",1,0.0,0.0,2.0,2.0
"void at::native::unrolled_elementwise_kernel<at::native::copy_device_to_device(at::TensorIterator&, bool)::{lambda()#2}::operator()() const::{lambda()#12}::operator()() const::{lambda(long)#1}, at::detail::Array<char*, 2>, OffsetCalculator<1, unsigned int>, OffsetCalculator<1, unsigned int>, at::native::memory::LoadWithCast<1>, at::native::memory::StoreWithCast>(int, at::native::copy_device_to_device(at::TensorIterator&, bool)::{lambda()#2}::operator()() const::{lambda()#12}::operator()() const::{lambda(long)#1}, at::detail::Array<char*, 2>, OffsetCalculator<1, unsigned int>, OffsetCalculator<1, unsigned int>, at::native::memory::LoadWithCast<1>, at::native::memory::StoreWithCast)",18,0.0,0.0,44.0,44.0
"void at::native::unrolled_elementwise_kernel<at::native::copy_device_to_device(at::TensorIterator&, bool)::{lambda()#2}::operator()() const::{lambda()#12}::operator()() const::{lambda(long)#1}, at::detail::Array<char*, 2>, TrivialOffsetCalculator<1, unsigned int>, TrivialOffsetCalculator<1, unsigned int>, at::native::memory::LoadWithCast<1>, at::native::memory::StoreWithCast>(int, at::native::copy_device_to_device(at::TensorIterator&, bool)::{lambda()#2}::operator()() const::{lambda()#12}::operator()() const::{lambda(long)#1}, at::detail::Array<char*, 2>, TrivialOffsetCalculator<1, unsigned int>, TrivialOffsetCalculator<1, unsigned int>, at::native::memory::LoadWithCast<1>, at::native::memory::StoreWithCast)",6,0.0,0.0,12.0,12.0
"void at::native::unrolled_elementwise_kernel<at::native::copy_device_to_device(at::TensorIterator&, bool)::{lambda()#2}::operator()() const::{lambda()#8}::operator()() const::{lambda(float)#1}, at::detail::Array<char*, 2>, OffsetCalculator<1, unsigned int>, OffsetCalculator<1, unsigned int>, at::native::memory::LoadWithoutCast, at::native::memory::StoreWithoutCast>(int, at::native::copy_device_to_device(at::TensorIterator&, bool)::{lambda()#2}::operator()() const::{lambda()#8}::operator()() const::{lambda(float)#1}, at::detail::Array<char*, 2>, OffsetCalculator<1, unsigned int>, OffsetCalculator<1, unsigned int>, at::native::memory::LoadWithoutCast, at::native::memory::StoreWithoutCast)",79,0.0,0.0,195.0,195.0
"void at::native::unrolled_elementwise_kernel<at::native::exp_kernel_cuda(at::TensorIteratorBase&)::{lambda()#1}::operator()() const::{lambda()#4}::operator()() const::{lambda(float)#1}, at::detail::Array<char*, 2>, OffsetCalculator<1, unsigned int>, OffsetCalculator<1, unsigned int>, at::native::memory::LoadWithoutCast, at::native::memory::StoreWithoutCast>(int, at::native::exp_kernel_cuda(at::TensorIteratorBase&)::{lambda()#1}::operator()() const::{lambda()#4}::operator()() const::{lambda(float)#1}, at::detail::Array<char*, 2>, OffsetCalculator<1, unsigned int>, OffsetCalculator<1, unsigned int>, at::native::memory::LoadWithoutCast, at::native::memory::StoreWithoutCast)",3,0.0,0.0,6.0,6.0
"void at::native::unrolled_elementwise_kernel<at::native::maximum_kernel_cuda(at::TensorIteratorBase&)::{lambda()#2}::operator()() const::{lambda()#4}::operator()() const::{lambda(float, float)#1}, at::detail::Array<char*, 3>, OffsetCalculator<2, unsigned int>, OffsetCalculator<1, unsigned int>, at::native::memory::LoadWithoutCast, at::native::memory::StoreWithoutCast>(int, at::native::maximum_kernel_cuda(at::TensorIteratorBase&)::{lambda()#2}::operator()() const::{lambda()#4}::operator()() const::{lambda(float, float)#1}, at::detail::Array<char*, 3>, OffsetCalculator<2, unsigned int>, OffsetCalculator<1, unsigned int>, at::native::memory::LoadWithoutCast, at::native::memory::StoreWithoutCast)",1,0.0,0.0,2.0,2.0
"void at::native::unrolled_elementwise_kernel<at::native::sigmoid_kernel_cuda(at::TensorIteratorBase&)::{lambda()#1}::operator()() const::{lambda()#4}::operator()() const::{lambda(float)#1}, at::detail::Array<char*, 2>, OffsetCalculator<1, unsigned int>, OffsetCalculator<1, unsigned int>, at::native::memory::LoadWithoutCast, at::native::memory::StoreWithoutCast>(int, at::native::sigmoid_kernel_cuda(at::TensorIteratorBase&)::{lambda()#1}::operator()() const::{lambda()#4}::operator()() const::{lambda(float)#1}, at::detail::Array<char*, 2>, OffsetCalculator<1, unsigned int>, OffsetCalculator<1, unsigned int>, at::native::memory::LoadWithoutCast, at::native::memory::StoreWithoutCast)",12,0.0,0.0,22.0,22.0
"void at::native::vectorized_elementwise_kernel<4, at::native::(anonymous namespace)::clamp_min_scalar_kernel_impl(at::TensorIterator&, c10::Scalar)::{lambda()#1}::operator()() const::{lambda()#12}::operator()() const::{lambda(long)#1}, at::detail::Array<char*, 2> >(int, at::native::(anonymous namespace)::clamp_min_scalar_kernel_impl(at::TensorIterator&, c10::Scalar)::{lambda()#1}::operator()() const::{lambda()#12}::operator()() const::{lambda(long)#1}, at::detail::Array<char*, 2>)",3,0.0,0.0,2.0,2.0
"void at::native::vectorized_elementwise_kernel<4, at::native::(anonymous namespace)::clamp_min_scalar_kernel_impl(at::TensorIterator&, c10::Scalar)::{lambda()#1}::operator()() const::{lambda()#8}::operator()() const::{lambda(float)#1}, at::detail::Array<char*, 2> >(int, at::native::(anonymous namespace)::clamp_min_scalar_kernel_impl(at::TensorIterator&, c10::Scalar)::{lambda()#1}::operator()() const::{lambda()#8}::operator()() const::{lambda(float)#1}, at::detail::Array<char*, 2>)",132,0.0,0.0,12642.0,12642.0
"void at::native::vectorized_elementwise_kernel<4, at::native::(anonymous namespace)::clamp_scalar_kernel_impl(at::TensorIterator&, c10::Scalar, c10::Scalar)::{lambda()#1}::operator()() const::{lambda()#8}::operator()() const::{lambda(float)#1}, at::detail::Array<char*, 2> >(int, at::native::(anonymous namespace)::clamp_scalar_kernel_impl(at::TensorIterator&, c10::Scalar, c10::Scalar)::{lambda()#1}::operator()() const::{lambda()#8}::operator()() const::{lambda(float)#1}, at::detail::Array<char*, 2>)",6,0.0,0.0,5.0,5.0
"void at::native::vectorized_elementwise_kernel<4, at::native::AUnaryFunctor<at::native::AddFunctor<float> >, at::detail::Array<char*, 2> >(int, at::native::AUnaryFunctor<at::native::AddFunctor<float> >, at::detail::Array<char*, 2>)",18,0.0,0.0,11.0,11.0
"void at::native::vectorized_elementwise_kernel<4, at::native::AddFunctor<float>, at::detail::Array<char*, 3> >(int, at::native::AddFunctor<float>, at::detail::Array<char*, 3>)",60,0.0,0.0,12902.0,12902.0
"void at::native::vectorized_elementwise_kernel<4, at::native::BUnaryFunctor<at::native::AddFunctor<float> >, at::detail::Array<char*, 2> >(int, at::native::BUnaryFunctor<at::native::AddFunctor<float> >, at::detail::Array<char*, 2>)",21,0.0,0.0,14.0,14.0
"void at::native::vectorized_elementwise_kernel<4, at::native::BUnaryFunctor<at::native::CompareEqFunctor<long> >, at::detail::Array<char*, 2> >(int, at::native::BUnaryFunctor<at::native::CompareEqFunctor<long> >, at::detail::Array<char*, 2>)",12,0.0,0.0,11.0,11.0
"void at::native::vectorized_elementwise_kernel<4, at::native::BUnaryFunctor<at::native::CompareGTFunctor<long> >, at::detail::Array<char*, 2> >(int, at::native::BUnaryFunctor<at::native::CompareGTFunctor<long> >, at::detail::Array<char*, 2>)",3,0.0,0.0,3.0,3.0
"void at::native::vectorized_elementwise_kernel<4, at::native::BUnaryFunctor<at::native::div_trunc_kernel_cuda(at::TensorIteratorBase&)::{lambda()#1}::operator()() const::{lambda()#8}::operator()() const::{lambda(long, long)#1}>, at::detail::Array<char*, 2> >(int, at::native::BUnaryFunctor<at::native::div_trunc_kernel_cuda(at::TensorIteratorBase&)::{lambda()#1}::operator()() const::{lambda()#8}::operator()() const::{lambda(long, long)#1}>, at::detail::Array<char*, 2>)",1,0.0,0.0,1.0,1.0
"void at::native::vectorized_elementwise_kernel<4, at::native::BUnaryFunctor<at::native::remainder_kernel_cuda(at::TensorIterator&)::{lambda()#1}::operator()() const::{lambda()#8}::operator()() const::{lambda(long, long)#1}>, at::detail::Array<char*, 2> >(int, at::native::BUnaryFunctor<at::native::remainder_kernel_cuda(at::TensorIterator&)::{lambda()#1}::operator()() const::{lambda()#8}::operator()() const::{lambda(long, long)#1}>, at::detail::Array<char*, 2>)",1,0.0,0.0,1.0,1.0
"void at::native::vectorized_elementwise_kernel<4, at::native::BitwiseAndFunctor<bool>, at::detail::Array<char*, 3> >(int, at::native::BitwiseAndFunctor<bool>, at::detail::Array<char*, 3>)",5,0.0,0.0,4.0,4.0
"void at::native::vectorized_elementwise_kernel<4, at::native::DivFunctor<float>, at::detail::Array<char*, 3> >(int, at::native::DivFunctor<float>, at::detail::Array<char*, 3>)",18,0.0,0.0,20.0,20.0
"void at::native::vectorized_elementwise_kernel<4, at::native::FillFunctor<float>, at::detail::Array<char*, 1> >(int, at::native::FillFunctor<float>, at::detail::Array<char*, 1>)",30,0.0,0.0,78.0,78.0
"void at::native::vectorized_elementwise_kernel<4, at::native::FillFunctor<long>, at::detail::Array<char*, 1> >(int, at::native::FillFunctor<long>, at::detail::Array<char*, 1>)",1,0.0,0.0,1.0,1.0
"void at::native::vectorized_elementwise_kernel<4, at::native::MulScalarFunctor<float, float>, at::detail::Array<char*, 2> >(int, at::native::MulScalarFunctor<float, float>, at::detail::Array<char*, 2>)",16,0.0,0.0,45.0,45.0
"void at::native::vectorized_elementwise_kernel<4, at::native::log_kernel_cuda(at::TensorIteratorBase&)::{lambda()#1}::operator()() const::{lambda()#4}::operator()() const::{lambda(float)#1}, at::detail::Array<char*, 2> >(int, at::native::log_kernel_cuda(at::TensorIteratorBase&)::{lambda()#1}::operator()() const::{lambda()#4}::operator()() const::{lambda(float)#1}, at::detail::Array<char*, 2>)",18,0.0,0.0,18.0,18.0
"void at::native::vectorized_elementwise_kernel<4, at::native::sigmoid_kernel_cuda(at::TensorIteratorBase&)::{lambda()#1}::operator()() const::{lambda()#4}::operator()() const::{lambda(float)#1}, at::detail::Array<char*, 2> >(int, at::native::sigmoid_kernel_cuda(at::TensorIteratorBase&)::{lambda()#1}::operator()() const::{lambda()#4}::operator()() const::{lambda(float)#1}, at::detail::Array<char*, 2>)",8,0.0,0.0,10.0,10.0
"void cudnn::bn_fw_inf_1C11_kernel_NCHW<float, float, true, 1>(float, float, cudnnTensorStruct, float const*, cudnnTensorStruct, float*, cudnnTensorStruct, float const*, float const*, float const*, float const*, float)",53,0.0,0.0,15892.0,15892.0
"void cudnn::cnn::kern_precompute_indices<false>(int*, int, int, int, int, int, int)",10,0.0,0.0,26.0,26.0
void cutlass::Kernel<cutlass_80_tensorop_s1688gemm_128x128_32x3_tn_align4>(cutlass_80_tensorop_s1688gemm_128x128_32x3_tn_align4::Params),6,0.0,0.0,187.0,187.0
void cutlass::Kernel<cutlass_80_tensorop_s1688gemm_128x64_16x6_tn_align4>(cutlass_80_tensorop_s1688gemm_128x64_16x6_tn_align4::Params),18,0.0,0.0,1027.0,1027.0
void cutlass::Kernel<cutlass_80_tensorop_s1688gemm_256x128_16x3_tn_align4>(cutlass_80_tensorop_s1688gemm_256x128_16x3_tn_align4::Params),3,0.0,0.0,199.0,199.0
void cutlass::Kernel<cutlass_80_tensorop_s1688gemm_64x128_32x3_tn_align4>(cutlass_80_tensorop_s1688gemm_64x128_32x3_tn_align4::Params),3,0.0,0.0,53.0,53.0
void cutlass::Kernel<cutlass_80_tensorop_s1688gemm_64x64_16x6_tn_align1>(cutlass_80_tensorop_s1688gemm_64x64_16x6_tn_align1::Params),19,0.0,0.0,120.0,120.0
void cutlass::Kernel<cutlass_80_tensorop_s1688gemm_64x64_16x6_tn_align4>(cutlass_80_tensorop_s1688gemm_64x64_16x6_tn_align4::Params),103,0.0,0.0,1887.0,1887.0
void cutlass::Kernel<cutlass_80_tensorop_s1688gemm_64x64_32x4_nn_align4>(cutlass_80_tensorop_s1688gemm_64x64_32x4_nn_align4::Params),6,0.0,0.0,878.0,878.0
void cutlass::Kernel<cutlass_tensorop_s1688fprop_precomputed_tf32_128x64_16x6>(cutlass_tensorop_s1688fprop_precomputed_tf32_128x64_16x6::Params),1,0.0,0.0,800.0,800.0
void cutlass::Kernel<cutlass_tensorop_s1688fprop_precomputed_tf32_64x64_16x10>(cutlass_tensorop_s1688fprop_precomputed_tf32_64x64_16x10::Params),6,0.0,0.0,4571.0,4571.0
"void gemv2T_kernel_val<int, int, float, float, float, float, 128, 16, 2, 2, false, false, cublasGemvParams<cublasGemvTensorStridedBatched<float const>, cublasGemvTensorStridedBatched<float const>, cublasGemvTensorStridedBatched<float>, float> >(cublasGemvParams<cublasGemvTensorStridedBatched<float const>, cublasGemvTensorStridedBatched<float const>, cublasGemvTensorStridedBatched<float>, float>, float, float)",1,0.0,0.0,184.0,184.0
"void implicit_convolve_sgemm<float, float, 1024, 5, 5, 3, 3, 3, 1, false, true, true>(int, int, int, float const*, int, float*, float const*, kernel_conv_params, unsigned long long, int, float, float, int, float const*, float const*, bool, int, int)",1,0.0,0.0,477.0,477.0
"void implicit_convolve_sgemm<float, float, 128, 5, 5, 3, 3, 3, 1, false, true, true>(int, int, int, float const*, int, float*, float const*, kernel_conv_params, unsigned long long, int, float, float, int, float const*, float const*, bool, int, int)",5,0.0,0.0,7119.0,7119.0
"void implicit_convolve_sgemm<float, float, 128, 6, 7, 3, 3, 5, 1, false, true, true>(int, int, int, float const*, int, float*, float const*, kernel_conv_params, unsigned long long, int, float, float, int, float const*, float const*, bool, int, int)",15,0.0,0.0,3876.0,3876.0
"void ms_deformable_im2col_gpu_kernel<float>(int, float const*, long const*, long const*, float const*, float const*, int, int, int, int, int, int, int, float*)",12,0.0,0.0,860.0,860.0
"void nchwToNhwcKernel<float, float, float, true, false, (cudnnKernelDataType_t)2>(int, int, int, int, float const*, float*, float, float)",72,0.0,0.0,7593.0,7593.0
"void nhwcToNchwKernel<float, float, float, true, false, (cudnnKernelDataType_t)0>(int, int, int, int, float const*, float*, float, float)",10,0.0,0.0,159.0,159.0
"void precomputed_convolve_sgemm<float, 1024, 5, 5, 4, 3, 3, 1, false>(int, int, int, float const*, int, float*, float const*, kernel_conv_params, unsigned long long, int, float, float, int, float const*, float const*, int*)",8,0.0,0.0,10984.0,10984.0
"void precomputed_convolve_sgemm<float, 512, 6, 7, 4, 3, 5, 1, false>(int, int, int, float const*, int, float*, float const*, kernel_conv_params, unsigned long long, int, float, float, int, float const*, float const*, int*)",2,0.0,0.0,3028.0,3028.0
"void splitKreduce_kernel<float, float, float, float>(cublasSplitKParams<float>, float const*, float const*, float*, float const*, float const*, float const*)",3,0.0,0.0,19.0,19.0
"void xmma_new::gemm::kernel<xmma_new::implicit_gemm::fprop::Kernel_traits<xmma_new::Ampere_hmma_tf32_traits<unsigned int, float>, xmma_new::Cta_tile<xmma_new::Ampere, 128, 128, 16, 2, 2, 1, 1, 1>, xmma_new::implicit_gemm::fprop::Gmem_tile_a_t<xmma_new::Ampere_hmma_tf32_traits<unsigned int, float>, xmma_new::Cta_tile<xmma_new::Ampere, 128, 128, 16, 2, 2, 1, 1, 1>, xmma_new::implicit_gemm::Input_related<1, 1, 1, false>, 16, false, xmma_new::implicit_gemm::fprop::Gmem_tile_base_a<xmma_new::Ampere_hmma_tf32_traits<unsigned int, float>, xmma_new::Cta_tile<xmma_new::Ampere, 128, 128, 16, 2, 2, 1, 1, 1>, xmma_new::implicit_gemm::Input_related<1, 1, 1, false>, 16, xmma_new::Row, 16, 128> >, xmma_new::implicit_gemm::fprop::Gmem_tile_c_n<xmma_new::Ampere_hmma_tf32_traits<unsigned int, float>, xmma_new::Cta_tile<xmma_new::Ampere, 128, 128, 16, 2, 2, 1, 1, 1>, 16, xmma_new::Fragment_c<xmma_new::Ampere_hmma_tf32_traits<unsigned int, float>, xmma_new::Cta_tile<xmma_new::Ampere, 128, 128, 16, 2, 2, 1, 1, 1>, false>, false>, xmma_new::implicit_gemm::Input_related<1, 1, 1, false>, 4> >(xmma_new::implicit_gemm::fprop::Kernel_traits<xmma_new::Ampere_hmma_tf32_traits<unsigned int, float>, xmma_new::Cta_tile<xmma_new::Ampere, 128, 128, 16, 2, 2, 1, 1, 1>, xmma_new::implicit_gemm::fprop::Gmem_tile_a_t<xmma_new::Ampere_hmma_tf32_traits<unsigned int, float>, xmma_new::Cta_tile<xmma_new::Ampere, 128, 128, 16, 2, 2, 1, 1, 1>, xmma_new::implicit_gemm::Input_related<1, 1, 1, false>, 16, false, xmma_new::implicit_gemm::fprop::Gmem_tile_base_a<xmma_new::Ampere_hmma_tf32_traits<unsigned int, float>, xmma_new::Cta_tile<xmma_new::Ampere, 128, 128, 16, 2, 2, 1, 1, 1>, xmma_new::implicit_gemm::Input_related<1, 1, 1, false>, 16, xmma_new::Row, 16, 128> >, xmma_new::implicit_gemm::fprop::Gmem_tile_c_n<xmma_new::Ampere_hmma_tf32_traits<unsigned int, float>, xmma_new::Cta_tile<xmma_new::Ampere, 128, 128, 16, 2, 2, 1, 1, 1>, 16, xmma_new::Fragment_c<xmma_new::Ampere_hmma_tf32_traits<unsigned int, float>, xmma_new::Cta_tile<xmma_new::Ampere, 128, 128, 16, 2, 2, 1, 1, 1>, false>, false>, xmma_new::implicit_gemm::Input_related<1, 1, 1, false>, 4>::Params)",18,0.0,0.0,8962.0,8962.0
"void xmma_new::gemm::kernel<xmma_new::implicit_gemm::fprop::Kernel_traits<xmma_new::Ampere_hmma_tf32_traits<unsigned int, float>, xmma_new::Cta_tile<xmma_new::Ampere, 128, 128, 16, 2, 2, 1, 1, 1>, xmma_new::implicit_gemm::fprop::Gmem_tile_a_t<xmma_new::Ampere_hmma_tf32_traits<unsigned int, float>, xmma_new::Cta_tile<xmma_new::Ampere, 128, 128, 16, 2, 2, 1, 1, 1>, xmma_new::implicit_gemm::Input_related<1, 1, 1, false>, 16, false, xmma_new::implicit_gemm::fprop::Gmem_tile_base_a<xmma_new::Ampere_hmma_tf32_traits<unsigned int, float>, xmma_new::Cta_tile<xmma_new::Ampere, 128, 128, 16, 2, 2, 1, 1, 1>, xmma_new::implicit_gemm::Input_related<1, 1, 1, false>, 16, xmma_new::Row, 16, 128> >, xmma_new::implicit_gemm::fprop::Gmem_tile_c_n<xmma_new::Ampere_hmma_tf32_traits<unsigned int, float>, xmma_new::Cta_tile<xmma_new::Ampere, 128, 128, 16, 2, 2, 1, 1, 1>, 4, xmma_new::Fragment_c<xmma_new::Ampere_hmma_tf32_traits<unsigned int, float>, xmma_new::Cta_tile<xmma_new::Ampere, 128, 128, 16, 2, 2, 1, 1, 1>, false>, false>, xmma_new::implicit_gemm::Input_related<1, 1, 1, false>, 4> >(xmma_new::implicit_gemm::fprop::Kernel_traits<xmma_new::Ampere_hmma_tf32_traits<unsigned int, float>, xmma_new::Cta_tile<xmma_new::Ampere, 128, 128, 16, 2, 2, 1, 1, 1>, xmma_new::implicit_gemm::fprop::Gmem_tile_a_t<xmma_new::Ampere_hmma_tf32_traits<unsigned int, float>, xmma_new::Cta_tile<xmma_new::Ampere, 128, 128, 16, 2, 2, 1, 1, 1>, xmma_new::implicit_gemm::Input_related<1, 1, 1, false>, 16, false, xmma_new::implicit_gemm::fprop::Gmem_tile_base_a<xmma_new::Ampere_hmma_tf32_traits<unsigned int, float>, xmma_new::Cta_tile<xmma_new::Ampere, 128, 128, 16, 2, 2, 1, 1, 1>, xmma_new::implicit_gemm::Input_related<1, 1, 1, false>, 16, xmma_new::Row, 16, 128> >, xmma_new::implicit_gemm::fprop::Gmem_tile_c_n<xmma_new::Ampere_hmma_tf32_traits<unsigned int, float>, xmma_new::Cta_tile<xmma_new::Ampere, 128, 128, 16, 2, 2, 1, 1, 1>, 4, xmma_new::Fragment_c<xmma_new::Ampere_hmma_tf32_traits<unsigned int, float>, xmma_new::Cta_tile<xmma_new::Ampere, 128, 128, 16, 2, 2, 1, 1, 1>, false>, false>, xmma_new::implicit_gemm::Input_related<1, 1, 1, false>, 4>::Params)",4,0.0,0.0,3914.0,3914.0
"void xmma_new::gemm::kernel<xmma_new::implicit_gemm::fprop::Kernel_traits<xmma_new::Ampere_hmma_tf32_traits<unsigned int, float>, xmma_new::Cta_tile<xmma_new::Ampere, 128, 128, 16, 2, 2, 1, 1, 1>, xmma_new::implicit_gemm::fprop::Gmem_tile_a_t<xmma_new::Ampere_hmma_tf32_traits<unsigned int, float>, xmma_new::Cta_tile<xmma_new::Ampere, 128, 128, 16, 2, 2, 1, 1, 1>, xmma_new::implicit_gemm::Input_related<1, 3, 3, false>, 16, false, xmma_new::implicit_gemm::fprop::Gmem_tile_base_a<xmma_new::Ampere_hmma_tf32_traits<unsigned int, float>, xmma_new::Cta_tile<xmma_new::Ampere, 128, 128, 16, 2, 2, 1, 1, 1>, xmma_new::implicit_gemm::Input_related<1, 3, 3, false>, 16, xmma_new::Row, 16, 128> >, xmma_new::implicit_gemm::fprop::Gmem_tile_c_n<xmma_new::Ampere_hmma_tf32_traits<unsigned int, float>, xmma_new::Cta_tile<xmma_new::Ampere, 128, 128, 16, 2, 2, 1, 1, 1>, 16, xmma_new::Fragment_c<xmma_new::Ampere_hmma_tf32_traits<unsigned int, float>, xmma_new::Cta_tile<xmma_new::Ampere, 128, 128, 16, 2, 2, 1, 1, 1>, false>, false>, xmma_new::implicit_gemm::Input_related<1, 3, 3, false>, 4> >(xmma_new::implicit_gemm::fprop::Kernel_traits<xmma_new::Ampere_hmma_tf32_traits<unsigned int, float>, xmma_new::Cta_tile<xmma_new::Ampere, 128, 128, 16, 2, 2, 1, 1, 1>, xmma_new::implicit_gemm::fprop::Gmem_tile_a_t<xmma_new::Ampere_hmma_tf32_traits<unsigned int, float>, xmma_new::Cta_tile<xmma_new::Ampere, 128, 128, 16, 2, 2, 1, 1, 1>, xmma_new::implicit_gemm::Input_related<1, 3, 3, false>, 16, false, xmma_new::implicit_gemm::fprop::Gmem_tile_base_a<xmma_new::Ampere_hmma_tf32_traits<unsigned int, float>, xmma_new::Cta_tile<xmma_new::Ampere, 128, 128, 16, 2, 2, 1, 1, 1>, xmma_new::implicit_gemm::Input_related<1, 3, 3, false>, 16, xmma_new::Row, 16, 128> >, xmma_new::implicit_gemm::fprop::Gmem_tile_c_n<xmma_new::Ampere_hmma_tf32_traits<unsigned int, float>, xmma_new::Cta_tile<xmma_new::Ampere, 128, 128, 16, 2, 2, 1, 1, 1>, 16, xmma_new::Fragment_c<xmma_new::Ampere_hmma_tf32_traits<unsigned int, float>, xmma_new::Cta_tile<xmma_new::Ampere, 128, 128, 16, 2, 2, 1, 1, 1>, false>, false>, xmma_new::implicit_gemm::Input_related<1, 3, 3, false>, 4>::Params)",4,0.0,0.0,3263.0,3263.0
"void xmma_new::gemm::kernel<xmma_new::implicit_gemm::fprop::Kernel_traits<xmma_new::Ampere_hmma_tf32_traits<unsigned int, float>, xmma_new::Cta_tile<xmma_new::Ampere, 128, 128, 16, 2, 2, 1, 1, 1>, xmma_new::implicit_gemm::fprop::Gmem_tile_a_t<xmma_new::Ampere_hmma_tf32_traits<unsigned int, float>, xmma_new::Cta_tile<xmma_new::Ampere, 128, 128, 16, 2, 2, 1, 1, 1>, xmma_new::implicit_gemm::Input_related<1, 3, 3, false>, 16, false, xmma_new::implicit_gemm::fprop::Gmem_tile_base_a<xmma_new::Ampere_hmma_tf32_traits<unsigned int, float>, xmma_new::Cta_tile<xmma_new::Ampere, 128, 128, 16, 2, 2, 1, 1, 1>, xmma_new::implicit_gemm::Input_related<1, 3, 3, false>, 16, xmma_new::Row, 16, 128> >, xmma_new::implicit_gemm::fprop::Gmem_tile_c_t<xmma_new::Ampere_hmma_tf32_traits<unsigned int, float>, xmma_new::Cta_tile<xmma_new::Ampere, 128, 128, 16, 2, 2, 1, 1, 1>, 16, xmma_new::Fragment_c<xmma_new::Ampere_hmma_tf32_traits<unsigned int, float>, xmma_new::Cta_tile<xmma_new::Ampere, 128, 128, 16, 2, 2, 1, 1, 1>, false>, false>, xmma_new::implicit_gemm::Input_related<1, 3, 3, false>, 4> >(xmma_new::implicit_gemm::fprop::Kernel_traits<xmma_new::Ampere_hmma_tf32_traits<unsigned int, float>, xmma_new::Cta_tile<xmma_new::Ampere, 128, 128, 16, 2, 2, 1, 1, 1>, xmma_new::implicit_gemm::fprop::Gmem_tile_a_t<xmma_new::Ampere_hmma_tf32_traits<unsigned int, float>, xmma_new::Cta_tile<xmma_new::Ampere, 128, 128, 16, 2, 2, 1, 1, 1>, xmma_new::implicit_gemm::Input_related<1, 3, 3, false>, 16, false, xmma_new::implicit_gemm::fprop::Gmem_tile_base_a<xmma_new::Ampere_hmma_tf32_traits<unsigned int, float>, xmma_new::Cta_tile<xmma_new::Ampere, 128, 128, 16, 2, 2, 1, 1, 1>, xmma_new::implicit_gemm::Input_related<1, 3, 3, false>, 16, xmma_new::Row, 16, 128> >, xmma_new::implicit_gemm::fprop::Gmem_tile_c_t<xmma_new::Ampere_hmma_tf32_traits<unsigned int, float>, xmma_new::Cta_tile<xmma_new::Ampere, 128, 128, 16, 2, 2, 1, 1, 1>, 16, xmma_new::Fragment_c<xmma_new::Ampere_hmma_tf32_traits<unsigned int, float>, xmma_new::Cta_tile<xmma_new::Ampere, 128, 128, 16, 2, 2, 1, 1, 1>, false>, false>, xmma_new::implicit_gemm::Input_related<1, 3, 3, false>, 4>::Params)",3,0.0,0.0,2573.0,2573.0
